City_ID,City,Country,Date,Lat,Lng,Max Temp,Humidity,Cloudiness,Wind Speed
0,Constitucion,CL,2022-07-20 13:18:23,-35.3333,-72.4167,48.54,68,32,5.32
1,Thompson,CA,2022-07-20 13:22:27,55.7435,-97.8558,64.56,88,75,5.75
2,Ponta Do Sol,PT,2022-07-20 13:22:27,32.6667,-17.1,83.71,63,0,3.65
3,Makakilo City,US,2022-07-20 13:22:27,21.3469,-158.0858,75.52,74,0,10.36
4,Mataram,ID,2022-07-20 13:22:28,-8.5833,116.1167,74.21,80,6,8.16
5,Saskylakh,RU,2022-07-20 13:22:28,71.9167,114.0833,47.07,63,99,15.41
6,Flin Flon,CA,2022-07-20 13:22:29,54.7682,-101.865,66.04,72,40,4.61
7,Talnakh,RU,2022-07-20 13:22:29,69.4865,88.3972,56.21,69,100,5.99
8,Anadyr,RU,2022-07-20 13:22:29,64.75,177.4833,45.1,81,40,8.95
9,Rikitea,PF,2022-07-20 13:22:30,-23.1203,-134.9692,73.04,76,6,2.84
10,Tuktoyaktuk,CA,2022-07-20 13:22:30,69.4541,-133.0374,53.6,100,75,5.75
11,Kurtamysh,RU,2022-07-20 13:22:31,54.9103,64.4319,70.47,71,1,15.17
12,Puerto Ayora,EC,2022-07-20 13:22:31,-0.7393,-90.3518,67.55,100,95,8.99
13,Pevek,RU,2022-07-20 13:22:32,69.7008,170.3133,31.96,92,100,13.58
14,Upernavik,GL,2022-07-20 13:20:36,72.7868,-56.1549,46.49,73,65,4.09
15,Butaritari,KI,2022-07-20 13:22:32,3.0707,172.7902,81.32,81,100,11.36
16,Saint-Augustin,CA,2022-07-20 13:22:33,51.226,-58.6502,56.07,96,100,15.99
17,Alofi,NU,2022-07-20 13:22:33,-19.0595,-169.9187,69.69,94,25,11.5
18,Tiksi,RU,2022-07-20 13:22:33,71.6872,128.8694,34.83,96,100,11.36
19,Punta Arenas,CL,2022-07-20 13:22:34,-53.15,-70.9167,37.42,75,75,32.21
20,Ust-Uda,RU,2022-07-20 13:22:34,54.1742,103.0304,60.04,70,4,1.43
21,Bredasdorp,ZA,2022-07-20 13:22:35,-34.5322,20.0403,59.25,53,28,2.08
22,Kapaa,US,2022-07-20 13:22:35,22.0752,-159.319,77.32,84,40,13.8
23,Sajobabony,HU,2022-07-20 13:22:35,48.1667,20.7333,95.32,18,10,5.48
24,Bluff,NZ,2022-07-20 13:22:36,-46.6,168.3333,41.81,72,64,6.78
25,Ha Giang,VN,2022-07-20 13:18:17,22.8333,104.9833,79.05,98,100,0.89
26,Paciran,ID,2022-07-20 13:22:37,-6.8767,112.3761,79.86,74,96,9.42
27,Faanui,PF,2022-07-20 13:22:37,-16.4833,-151.75,77.32,65,0,7.05
28,Bridlington,GB,2022-07-20 13:22:38,54.0831,-0.1919,73.33,75,63,16.8
29,Abnub,EG,2022-07-20 13:22:38,27.2696,31.1511,102.42,14,0,16.37
30,Port Alfred,ZA,2022-07-20 13:22:39,-33.5906,26.891,58.17,94,100,3.0
31,Nyurba,RU,2022-07-20 13:22:39,63.2842,118.3319,54.19,98,100,3.87
32,Cape Town,ZA,2022-07-20 13:21:11,-33.9258,18.4232,62.89,52,20,12.66
33,Doba,TD,2022-07-20 13:22:40,8.65,16.85,82.54,67,95,3.6
34,Pudozh,RU,2022-07-20 13:22:40,61.8099,36.5345,71.01,80,7,11.05
35,Soma,TR,2022-07-20 13:22:41,39.1855,27.6094,87.75,26,0,20.56
36,Nikolskoye,RU,2022-07-20 13:22:41,59.7035,30.7861,69.87,57,100,11.45
37,Castro,BR,2022-07-20 13:22:41,-24.7911,-50.0119,59.61,90,97,5.53
38,Ribeira Grande,PT,2022-07-20 13:22:42,38.5167,-28.7,75.6,78,20,9.22
39,Gouyave,GD,2022-07-20 13:22:42,12.1646,-61.7296,77.77,89,75,2.3
40,Bara,NG,2022-07-20 13:22:43,10.3744,10.7288,73.15,90,100,0.76
41,Barrow,US,2022-07-20 13:22:43,71.2906,-156.7887,37.42,93,0,10.36
42,Havelock,US,2022-07-20 13:19:53,34.8791,-76.9013,84.94,79,0,7.0
43,Saint George,US,2022-07-20 13:22:44,37.1041,-113.5841,83.95,39,0,4.0
44,Bismarck,US,2022-07-20 13:18:12,46.8083,-100.7837,70.81,77,0,6.91
45,Erenhot,CN,2022-07-20 13:22:44,43.6475,111.9767,86.29,22,95,4.07
46,Mataura,NZ,2022-07-20 13:22:45,-46.1927,168.8643,41.49,97,16,0.74
47,Abapo,BO,2022-07-20 13:23:45,-18.8333,-63.4667,66.54,63,96,2.19
48,Luang Prabang,LA,2022-07-20 13:23:46,19.8856,102.1347,76.57,98,100,1.23
49,Ushuaia,AR,2022-07-20 13:19:11,-54.8,-68.3,37.06,81,100,17.27
50,Bethel,US,2022-07-20 13:23:46,41.3712,-73.414,86.86,71,0,6.91
51,Contamana,PE,2022-07-20 13:23:47,-7.3333,-75.0167,72.54,94,69,1.79
52,Santa Barbara,US,2022-07-20 13:23:47,34.7333,-120.0343,48.76,100,0,0.0
53,Dikson,RU,2022-07-20 13:23:48,73.5069,80.5464,46.2,60,0,23.38
54,Ancud,CL,2022-07-20 13:23:48,-41.8697,-73.8203,47.23,90,100,16.46
55,Kamiiso,JP,2022-07-20 13:23:49,41.8167,140.65,67.5,97,27,3.27
56,Huicheng,CN,2022-07-20 13:23:49,23.0385,116.2899,82.18,84,6,3.27
57,Tuatapere,NZ,2022-07-20 13:23:49,-46.1333,167.6833,41.86,87,100,2.06
58,Luwuk,ID,2022-07-20 13:23:50,-0.9516,122.7875,76.86,87,5,4.34
59,Khatanga,RU,2022-07-20 13:23:50,71.9667,102.5,52.43,45,100,18.9
60,Atar,MR,2022-07-20 13:23:51,20.5169,-13.0499,103.84,14,99,5.57
61,Margate,GB,2022-07-20 13:23:51,51.3813,1.3862,77.88,65,100,17.22
62,Victoria,HK,2022-07-20 13:20:07,22.2855,114.1577,89.19,76,6,8.99
63,Bealanana,MG,2022-07-20 13:23:52,-14.55,48.7333,66.42,56,51,11.16
64,Saint-Philippe,RE,2022-07-20 13:23:52,-21.3585,55.7679,74.21,72,33,18.5
65,Ovsyanka,RU,2022-07-20 13:23:53,55.9575,92.5519,63.57,85,92,4.03
66,Jamestown,US,2022-07-20 13:23:53,42.097,-79.2353,80.19,78,0,9.22
67,Kysyl-Syr,RU,2022-07-20 13:23:54,63.8986,122.7617,61.7,85,100,6.73
68,Carnarvon,AU,2022-07-20 13:23:54,-24.8667,113.6333,71.35,69,0,14.58
69,Hermanus,ZA,2022-07-20 13:23:55,-34.4187,19.2345,60.8,59,2,7.9
70,Severo-Kurilsk,RU,2022-07-20 13:23:55,50.6789,156.125,50.7,98,100,14.12
71,Taoudenni,ML,2022-07-20 13:23:55,22.6783,-3.9836,110.44,10,13,8.21
72,San Rafael Del Sur,NI,2022-07-20 13:23:56,11.8485,-86.4384,76.17,76,92,12.71
73,Vikulovo,RU,2022-07-20 13:23:56,56.8167,70.6107,67.01,89,100,7.11
74,Vostok,RU,2022-07-20 13:23:57,46.4856,135.8833,61.32,96,87,3.29
75,Kulu,TR,2022-07-20 13:23:57,39.0951,33.0799,78.85,31,0,15.3
76,Albany,US,2022-07-20 13:23:58,42.6001,-73.9662,81.64,76,10,1.01
77,San Policarpo,PH,2022-07-20 13:23:58,12.1791,125.5072,83.12,81,99,7.7
78,Busselton,AU,2022-07-20 13:23:59,-33.65,115.3333,64.15,79,100,15.08
79,Sinnamary,GF,2022-07-20 13:23:59,5.3833,-52.95,80.8,73,35,6.85
80,Raudeberg,NO,2022-07-20 13:23:59,61.9875,5.1352,59.67,98,100,11.92
81,Ambilobe,MG,2022-07-20 13:24:00,-13.2,49.05,81.23,41,28,15.73
82,Vaini,TO,2022-07-20 13:24:00,-21.2,-175.2,73.56,88,40,8.05
83,Lagoa,PT,2022-07-20 13:22:25,39.05,-27.9833,71.46,82,5,6.26
84,Hofn,IS,2022-07-20 13:24:01,64.2539,-15.2082,55.42,71,75,6.91
85,Hun,LY,2022-07-20 13:24:02,29.1268,15.9477,93.29,21,0,6.71
86,Meulaboh,ID,2022-07-20 13:24:02,4.1363,96.1285,78.51,81,100,3.0
87,Pueblo Nuevo,MX,2022-07-20 13:24:02,23.3833,-105.3833,55.08,81,98,5.23
88,Jibuti,DJ,2022-07-20 13:24:03,11.5,42.5,86.38,39,100,18.21
89,San Andres,CO,2022-07-20 13:19:12,12.5847,-81.7006,84.22,74,20,14.97
90,Clyde River,CA,2022-07-20 13:24:03,70.4692,-68.5914,37.63,93,100,5.75
91,Nemuro,JP,2022-07-20 13:25:04,43.3236,145.575,57.47,90,100,12.5
92,Srednekolymsk,RU,2022-07-20 13:25:04,67.45,153.6833,44.04,70,77,2.21
93,Sao Filipe,CV,2022-07-20 13:25:05,14.8961,-24.4956,77.95,82,100,2.53
94,Tanout,NE,2022-07-20 13:25:05,14.9709,8.8879,92.25,37,52,6.38
95,Lebu,CL,2022-07-20 13:25:06,-37.6167,-73.65,51.44,96,100,8.84
96,Mar Del Plata,AR,2022-07-20 13:25:06,-38.0023,-57.5575,51.1,85,40,11.99
97,Bouna,CI,2022-07-20 13:22:01,9.2667,-3.0,85.71,48,82,6.13
98,Hokitika,NZ,2022-07-20 13:25:07,-42.7167,170.9667,45.25,81,100,4.45
99,New Norfolk,AU,2022-07-20 13:25:07,-42.7826,147.0587,38.71,85,2,2.13
100,Cervo,ES,2022-07-20 13:25:08,43.6702,-7.4101,69.44,77,23,11.99
101,Harper,LR,2022-07-20 13:25:08,4.375,-7.7169,77.4,66,100,8.93
102,Madimba,TZ,2022-07-20 13:25:08,-10.4,40.3333,79.54,58,34,14.27
103,Roma,US,2022-07-20 13:22:03,43.2128,-75.4557,81.73,85,0,5.75
104,Ilulissat,GL,2022-07-20 13:20:25,69.2167,-51.1,51.82,58,75,3.44
105,Coro,VE,2022-07-20 13:25:09,11.4045,-69.6734,81.88,71,13,13.35
106,Klaksvik,FO,2022-07-20 13:25:10,62.2266,-6.589,54.52,91,85,4.47
107,Hilo,US,2022-07-20 13:22:19,19.7297,-155.09,71.28,77,100,3.0
108,Qaanaaq,GL,2022-07-20 13:25:10,77.484,-69.3632,40.75,80,100,3.44
109,Savannah Bight,HN,2022-07-20 13:25:11,16.45,-85.85,82.08,76,99,15.21
110,Fukue,JP,2022-07-20 13:25:11,32.6881,128.8419,80.87,93,100,8.95
111,Arraial Do Cabo,BR,2022-07-20 13:25:12,-22.9661,-42.0278,73.36,83,75,9.22
112,Akom,CM,2022-07-20 13:25:12,2.6678,12.7109,83.26,50,98,3.49
113,Oranjemund,NA,2022-07-20 13:25:13,-28.55,16.4333,58.69,60,0,20.27
114,Namatanai,PG,2022-07-20 13:23:11,-3.6667,152.4333,79.18,80,99,7.16
115,Kavaratti,IN,2022-07-20 13:25:13,10.5669,72.642,81.1,82,100,20.65
116,Hobart,AU,2022-07-20 13:25:14,-42.8794,147.3294,39.06,91,20,5.75
117,Asosa,ET,2022-07-20 13:25:14,10.0667,34.5333,62.08,97,100,1.92
118,Skoghall,SE,2022-07-20 13:25:15,59.3232,13.4655,79.36,29,20,9.22
119,Atikokan,CA,2022-07-20 13:23:40,48.7555,-91.6216,61.84,98,99,7.0
120,Padang,ID,2022-07-20 13:25:15,-0.9492,100.3543,78.85,85,97,1.61
121,Esperance,AU,2022-07-20 13:25:16,-33.8667,121.9,59.54,63,100,15.79
122,Kodiak,US,2022-07-20 13:25:16,57.79,-152.4072,51.31,76,0,4.61
123,Avera,US,2022-07-20 13:25:17,33.194,-82.5271,76.51,78,2,10.2
124,Sisimiut,GL,2022-07-20 13:25:17,66.9395,-53.6735,53.78,64,100,3.09
125,Wufeng,CN,2022-07-20 13:25:18,27.45,104.8333,58.59,94,100,4.72
126,Avarua,CK,2022-07-20 13:25:18,-21.2078,-159.775,73.45,68,75,12.66
127,Hamilton,US,2022-07-20 13:25:19,39.1834,-84.5333,81.64,85,20,10.36
128,Coihaique,CL,2022-07-20 13:22:18,-45.5752,-72.0662,36.21,80,100,6.91
129,Urumqi,CN,2022-07-20 13:25:19,43.801,87.6005,77.95,24,0,8.95
130,Caravelas,BR,2022-07-20 13:25:20,-17.7125,-39.2481,73.0,85,99,4.34
131,Kaitangata,NZ,2022-07-20 13:25:20,-46.2817,169.8464,39.24,87,48,4.12
132,Salinopolis,BR,2022-07-20 13:25:21,-0.6136,-47.3561,83.5,70,26,7.72
133,Cabedelo,BR,2022-07-20 13:25:21,-6.9811,-34.8339,81.27,69,7,15.05
134,High Level,CA,2022-07-20 13:25:21,58.5169,-117.136,53.71,94,40,2.3
135,Katsuura,JP,2022-07-20 13:25:22,35.1333,140.3,77.92,84,100,4.76
136,Lorengau,PG,2022-07-20 13:25:22,-2.0226,147.2712,82.18,78,71,7.23
137,Aykhal,RU,2022-07-20 13:25:23,66.0,111.5,53.6,61,100,8.66
138,Saldanha,ZA,2022-07-20 13:25:23,-33.0117,17.9442,60.85,62,0,15.14
139,Toppenish,US,2022-07-20 13:25:23,46.3774,-120.3087,68.86,63,0,3.56
140,Umm Lajj,SA,2022-07-20 13:26:24,25.0213,37.2685,90.32,59,6,15.35
141,Adrar,MR,2022-07-20 13:26:25,20.5022,-10.0711,104.58,8,21,1.99
142,Roald,NO,2022-07-20 13:26:25,62.5833,6.1333,65.32,94,75,5.75
143,Porbandar,IN,2022-07-20 13:26:26,21.6422,69.6093,82.35,82,100,17.45
144,Jalna,IN,2022-07-20 13:26:26,19.8333,75.8833,80.69,74,73,14.7
145,Salalah,OM,2022-07-20 13:26:27,17.0151,54.0924,78.89,89,100,9.22
146,Georgetown,MY,2022-07-20 13:23:38,5.4112,100.3354,85.95,78,20,5.75
147,Lompoc,US,2022-07-20 13:26:27,34.6391,-120.4579,54.59,98,100,1.99
148,Ipixuna,BR,2022-07-20 13:26:28,-1.7625,-48.8043,85.98,58,15,2.51
149,Inhumas,BR,2022-07-20 13:26:28,-16.3578,-49.4961,76.73,33,4,9.86
150,Clarence Town,AU,2022-07-20 13:26:28,-32.5833,151.7833,58.86,89,97,0.94
151,Mount Gambier,AU,2022-07-20 13:26:29,-37.8333,140.7667,40.62,89,0,5.48
152,Yellowknife,CA,2022-07-20 13:26:29,62.456,-114.3525,59.56,82,100,17.27
153,Nevelsk,RU,2022-07-20 13:26:30,46.6733,141.8633,56.46,91,25,4.83
154,Rapar,IN,2022-07-20 13:26:30,23.5667,70.6333,88.47,63,100,20.83
155,Atuona,PF,2022-07-20 13:26:31,-9.8,-139.0333,76.98,78,53,13.8
156,Cockburn Town,TC,2022-07-20 13:26:31,21.4612,-71.1419,81.46,77,0,19.06
157,Smolenka,RU,2022-07-20 13:26:31,52.1352,113.4974,68.07,83,100,4.47
158,Bubaque,GW,2022-07-20 13:26:32,11.2833,-15.8333,77.7,87,100,14.2
159,Vardo,NO,2022-07-20 13:26:32,70.3705,31.1107,53.58,100,75,8.05
160,Gazanjyk,TM,2022-07-20 13:26:33,39.2446,55.5154,109.72,9,0,11.45
161,Ojinaga,MX,2022-07-20 13:26:33,29.5667,-104.4167,86.41,39,0,6.91
162,Saint-Denis,FR,2022-07-20 13:26:34,48.9167,2.3333,75.34,82,100,10.36
163,Plouzane,FR,2022-07-20 13:26:34,48.3833,-4.6167,68.05,80,100,13.8
164,Shreveport,US,2022-07-20 13:24:14,32.5251,-93.7502,84.0,76,0,13.8
165,Niquero,CU,2022-07-20 13:26:35,20.0431,-77.5828,81.25,77,100,4.5
166,Altay,CN,2022-07-20 13:26:36,47.8667,88.1167,69.8,38,32,7.09
167,Kyzyl-Suu,KG,2022-07-20 13:26:36,42.3414,78.0056,68.95,43,0,2.64
168,Southbridge,US,2022-07-20 13:26:36,42.0751,-72.0334,85.26,77,6,5.01
169,Pecos,US,2022-07-20 13:22:16,31.4229,-103.4932,81.43,44,0,5.75
170,Yulara,AU,2022-07-20 13:26:37,-25.2406,130.9889,55.4,38,43,12.59
171,Provideniya,RU,2022-07-20 13:26:38,64.3833,-173.3,40.21,87,90,16.91
172,Bengkulu,ID,2022-07-20 13:26:38,-3.8004,102.2655,78.93,84,78,1.83
173,Kruisfontein,ZA,2022-07-20 13:26:39,-34.0033,24.7314,58.89,84,100,3.27
174,Rongcheng,CN,2022-07-20 13:26:39,30.634,117.8517,81.16,89,100,2.33
175,Ketchikan,US,2022-07-20 13:26:40,55.3422,-131.6461,54.07,94,100,3.44
176,Iqaluit,CA,2022-07-20 13:26:40,63.7506,-68.5145,42.53,100,100,2.3
177,Robertsport,LR,2022-07-20 13:26:40,6.7533,-11.3686,76.59,79,100,12.12
178,Narsaq,GL,2022-07-20 13:26:41,60.9167,-46.05,53.82,86,100,4.92
179,Hithadhoo,MV,2022-07-20 13:26:41,-0.6,73.0833,81.27,70,100,3.02
180,Ponta Delgada,PT,2022-07-20 13:26:42,37.7333,-25.6667,72.32,83,75,8.05
181,Asau,RO,2022-07-20 13:26:42,46.4333,26.4,85.28,34,100,4.83
182,Santa Cruz Cabralia,BR,2022-07-20 13:26:43,-16.2781,-39.0247,73.63,88,75,3.44
183,Port Elizabeth,ZA,2022-07-20 13:26:43,-33.918,25.5701,61.11,85,100,10.36
184,Chuy,UY,2022-07-20 13:26:43,-33.6971,-53.4616,52.99,85,0,9.01
185,Culaman,PH,2022-07-20 13:27:44,5.9603,125.6586,80.62,81,81,4.05
186,Kaili,ID,2022-07-20 13:27:45,-3.4626,120.2147,67.17,95,82,2.91
187,Sept-Iles,CA,2022-07-20 13:27:45,50.2001,-66.3821,72.12,57,75,19.57
188,Naliya,IN,2022-07-20 13:27:45,23.2667,68.8333,84.4,76,100,20.98
189,Huambo,AO,2022-07-20 13:27:46,-12.7761,15.7392,78.08,20,4,4.21
190,Tupik,RU,2022-07-20 13:27:47,54.4253,119.9327,63.16,98,100,0.74
191,Leningradskiy,RU,2022-07-20 13:27:47,69.3833,178.4167,32.25,97,100,13.56
192,Maarianhamina,AX,2022-07-20 13:27:47,60.0973,19.9348,67.86,83,0,10.36
193,Airai,TL,2022-07-20 13:27:48,-8.9266,125.4092,59.7,92,81,3.11
194,Vanimo,PG,2022-07-20 13:27:48,-2.6741,141.3028,77.9,90,100,10.11
195,Helmbrechts,DE,2022-07-20 13:27:49,50.2356,11.7159,97.02,17,0,6.91
196,Vila Velha,BR,2022-07-20 13:23:08,-20.3297,-40.2925,76.95,79,75,8.05
197,Half Moon Bay,US,2022-07-20 13:27:49,37.4636,-122.4286,60.03,92,100,8.05
198,Tasiilaq,GL,2022-07-20 13:27:50,65.6145,-37.6368,42.96,84,98,4.74
199,Belmonte,BR,2022-07-20 13:27:50,-15.8631,-38.8828,74.71,80,62,8.23
200,Huadian,CN,2022-07-20 13:27:51,42.9633,126.7478,69.24,92,100,2.89
201,Korla,CN,2022-07-20 13:25:21,41.7597,86.1469,78.21,33,0,15.64
202,Mahebourg,MU,2022-07-20 13:27:51,-20.4081,57.7,71.89,64,40,16.11
203,Namibe,AO,2022-07-20 13:27:52,-15.1961,12.1522,74.39,58,17,14.88
204,Souillac,MU,2022-07-20 13:27:52,-20.5167,57.5167,71.98,64,40,16.11
205,Udachnyy,RU,2022-07-20 13:27:53,66.4167,112.4,57.45,62,69,11.9
206,Nanortalik,GL,2022-07-20 13:27:53,60.1432,-45.2371,50.05,90,99,14.07
207,Morristown,US,2022-07-20 13:27:53,36.214,-83.2949,76.3,89,100,6.91
208,Polillo,PH,2022-07-20 13:27:54,14.7122,121.9392,81.09,87,93,8.01
209,Broome,US,2022-07-20 13:27:54,42.2506,-75.833,80.98,71,0,3.44
210,Young,UY,2022-07-20 13:27:55,-32.6833,-57.6333,53.31,79,0,7.27
211,Barreirinhas,BR,2022-07-20 13:27:55,-2.7469,-42.8264,86.22,61,77,2.35
212,Marzuq,YE,2022-07-20 13:27:56,14.4,46.4667,85.51,38,100,3.94
213,East London,ZA,2022-07-20 13:27:56,-33.0153,27.9116,59.94,88,75,6.91
214,Waingapu,ID,2022-07-20 13:27:57,-9.6567,120.2641,71.55,81,3,8.5
215,San Antonio,US,2022-07-20 13:23:13,29.4241,-98.4936,81.48,82,100,10.36
216,Kangaatsiaq,GL,2022-07-20 13:27:58,68.3065,-53.4641,46.08,80,99,7.27
217,Salekhard,RU,2022-07-20 13:24:21,66.53,66.6019,66.97,49,100,8.7
218,Bushehr,IR,2022-07-20 13:27:58,28.9684,50.8385,96.89,52,0,13.8
219,Totness,SR,2022-07-20 13:25:25,5.8833,-56.3167,80.94,72,57,9.08
220,Port Macquarie,AU,2022-07-20 13:25:17,-31.4333,152.9167,50.9,67,98,7.56
221,Sao Joao Da Barra,BR,2022-07-20 13:27:59,-21.6403,-41.0511,75.29,79,46,4.43
222,Live Oak,US,2022-07-20 13:28:00,36.9836,-121.9805,60.78,88,100,1.99
223,Corinto,GR,2022-07-20 13:28:00,37.9407,22.9573,88.41,36,0,3.0
224,Yumen,CN,2022-07-20 13:28:00,40.2833,97.2,72.81,38,85,24.29
225,Koutiala,ML,2022-07-20 13:28:01,12.3917,-5.4642,77.04,79,100,10.87
226,Umm Kaddadah,SD,2022-07-20 13:25:15,13.6017,26.6876,87.22,44,100,9.01
227,Puerto Escondido,MX,2022-07-20 13:28:02,15.85,-97.0667,76.03,78,40,4.61
228,Snasa,NO,2022-07-20 13:28:02,64.2457,12.3778,69.21,60,98,2.55
229,Bollnas,SE,2022-07-20 13:29:03,61.3482,16.3946,87.31,28,87,10.58
230,Geraldton,AU,2022-07-20 13:29:03,-28.7667,114.6,66.61,72,100,10.36
231,Morehead,US,2022-07-20 13:29:04,37.2711,-87.1764,83.79,84,0,8.05
232,Touros,BR,2022-07-20 13:29:04,-5.1989,-35.4608,81.36,61,16,17.07
233,Muhos,FI,2022-07-20 13:29:05,64.808,25.9931,67.78,51,100,9.04
234,Da Nang,VN,2022-07-20 13:26:13,16.0678,108.2208,84.18,79,40,8.05
235,Tiarei,PF,2022-07-20 13:29:05,-17.5333,-149.3333,69.82,71,8,5.68
236,Araouane,ML,2022-07-20 13:29:06,18.9048,-3.5265,94.75,35,99,12.8
237,Gunnedah,AU,2022-07-20 13:29:06,-30.9833,150.25,48.27,73,99,9.04
238,Arman,RU,2022-07-20 13:29:07,59.7,150.1667,53.83,94,5,5.14
239,Estelle,US,2022-07-20 13:29:07,29.8458,-90.1067,87.01,72,75,6.91
240,Eydhafushi,MV,2022-07-20 13:29:07,5.1033,73.0708,80.42,80,100,13.76
241,Luderitz,NA,2022-07-20 13:29:08,-26.6481,15.1594,65.82,48,0,21.18
242,Ligayan,PH,2022-07-20 13:29:08,4.6533,119.4706,83.37,75,1,7.74
243,North Bend,US,2022-07-20 13:26:55,43.4065,-124.2243,57.92,98,100,5.75
244,Talitsa,RU,2022-07-20 13:29:09,56.8804,60.0213,73.94,54,25,9.95
245,Fez,MA,2022-07-20 13:29:10,34.0372,-4.9998,102.45,22,20,5.75
246,Bahia Honda,CU,2022-07-20 13:29:10,22.9036,-83.1592,81.25,76,8,9.31
247,Beloha,MG,2022-07-20 13:29:11,-25.1667,45.05,80.94,21,0,6.2
248,Harij,IN,2022-07-20 13:29:11,23.7,71.9,88.92,62,100,17.22
249,Washington,US,2022-07-20 13:27:56,47.5001,-120.5015,66.9,56,0,5.12
250,Iranshahr,IR,2022-07-20 13:29:12,27.2025,60.6848,109.74,23,20,11.5
251,Eregli,TR,2022-07-20 13:29:12,37.5133,34.0467,82.58,34,0,5.44
252,Longyearbyen,SJ,2022-07-20 13:29:13,78.2186,15.6401,51.64,82,75,14.97
253,Cherskiy,RU,2022-07-20 13:29:13,68.75,161.3,37.35,85,100,10.56
254,Okhotsk,RU,2022-07-20 13:29:14,59.3833,143.3,56.37,95,74,6.06
255,Ouro Preto Do Oeste,BR,2022-07-20 13:29:14,-10.7481,-62.2158,78.39,41,0,4.18
256,Cabo San Lucas,MX,2022-07-20 13:25:08,22.8909,-109.9124,84.51,62,29,9.64
257,Puerto Carreno,CO,2022-07-20 13:29:15,6.189,-67.4859,80.58,83,40,2.3
258,Great Yarmouth,GB,2022-07-20 13:29:16,52.6083,1.7305,86.09,42,100,14.27
259,Yangambi,CD,2022-07-20 13:29:16,0.8102,24.4336,83.12,63,98,1.21
260,Loralai,PK,2022-07-20 13:29:17,30.3705,68.598,89.73,43,0,13.76
261,Dabat,ET,2022-07-20 13:29:17,12.9842,37.765,52.39,94,100,3.94
262,Honiara,SB,2022-07-20 13:29:18,-9.4333,159.95,76.53,83,8,5.35
263,Jerome,US,2022-07-20 13:29:18,42.7241,-114.5186,72.88,63,0,5.35
264,Port Arthur,CN,2022-07-20 13:29:18,38.8,121.2667,75.42,77,89,6.64
265,Aberdeen,GB,2022-07-20 13:29:19,57.1437,-2.0981,64.89,72,75,8.05
266,Verkhovazhye,RU,2022-07-20 13:29:19,60.7472,42.0465,57.97,89,100,9.98
267,Afrikanda,RU,2022-07-20 13:29:20,67.4429,32.7828,65.89,76,100,1.57
268,Petrokamenskoye,RU,2022-07-20 13:29:20,57.716,60.6484,67.41,56,24,9.73
269,Pisco,PE,2022-07-20 13:24:51,-13.7,-76.2167,59.05,94,100,0.0
270,Gryazi,RU,2022-07-20 13:29:21,52.4966,39.9359,64.85,72,100,13.2
271,Statesboro,US,2022-07-20 13:29:04,32.4488,-81.7832,80.13,88,40,4.61
272,Hede,CN,2022-07-20 13:29:22,33.7681,120.2517,75.0,94,100,12.35
273,Fonte Boa,BR,2022-07-20 13:29:22,-2.4959,-66.2662,74.14,98,100,2.55
274,La Rioja,ES,2022-07-20 13:29:22,42.25,-2.5,80.38,35,0,8.41
275,Salto,UY,2022-07-20 13:27:15,-31.3833,-57.9667,55.56,94,0,8.99
276,Ranau,MY,2022-07-20 13:30:23,5.9538,116.6641,71.42,97,100,0.22
277,Norman Wells,CA,2022-07-20 13:30:23,65.282,-126.8329,53.64,87,75,0.0
278,Khandyga,RU,2022-07-20 13:30:24,62.6667,135.6,67.57,78,0,2.68
279,Fortuna,US,2022-07-20 13:30:24,40.5982,-124.1573,54.66,91,48,3.06
280,Saint-Pierre,RE,2022-07-20 13:30:23,-21.3393,55.4781,74.28,65,0,21.85
281,Shudayag,RU,2022-07-20 13:30:25,63.5266,53.6058,67.73,58,100,3.29
282,Comodoro Rivadavia,AR,2022-07-20 13:30:26,-45.8667,-67.5,48.06,57,20,27.63
283,Grand Gaube,MU,2022-07-20 13:30:26,-20.0064,57.6608,72.0,59,89,10.0
284,Lavrentiya,RU,2022-07-20 13:30:26,65.5833,-171.0,39.69,82,100,10.09
285,Tyukod,HU,2022-07-20 13:30:27,47.8538,22.5633,90.1,17,1,9.62
286,Nuuk,GL,2022-07-20 13:30:27,64.1835,-51.7216,54.21,76,75,12.66
287,Alpena,US,2022-07-20 13:30:28,45.0617,-83.4327,79.12,79,75,10.36
288,Qaqortoq,GL,2022-07-20 13:30:28,60.7167,-46.0333,48.67,94,100,6.15
289,Jaciara,BR,2022-07-20 13:30:29,-15.9653,-54.9683,84.67,23,36,4.09
290,Holme,DK,2022-07-20 13:30:29,56.1138,10.1725,91.18,47,5,14.61
291,Tabas,IR,2022-07-20 13:30:30,33.5959,56.9244,103.08,7,0,16.08
292,Olinda,BR,2022-07-20 13:30:30,-8.0089,-34.8553,78.53,73,75,9.22
293,Caranavi,BO,2022-07-20 13:30:30,-15.8167,-67.55,66.34,92,95,1.3
294,Itacare,BR,2022-07-20 13:30:31,-14.2775,-38.9967,74.34,84,92,10.58
295,Sao Lourenco Do Sul,BR,2022-07-20 13:30:32,-31.3653,-51.9783,61.12,86,36,10.63
296,Evinayong,GQ,2022-07-20 13:30:33,1.4368,10.5512,75.04,75,99,3.71
297,Marsa Matruh,EG,2022-07-20 13:30:28,31.3525,27.2453,82.6,65,0,11.5
298,Salumbar,IN,2022-07-20 13:30:34,24.1333,74.05,83.84,75,100,8.43
299,Pringsewu,ID,2022-07-20 13:30:34,-5.3582,104.9744,74.01,97,13,3.53
300,Baft,IR,2022-07-20 13:30:35,29.234,56.6057,89.33,10,47,13.29
301,Dwarka,IN,2022-07-20 13:30:35,22.2394,68.9678,82.56,83,99,19.39
302,Bagdarin,RU,2022-07-20 13:30:35,54.4333,113.6,58.8,92,48,4.14
303,Calderitas,MX,2022-07-20 13:30:36,18.55,-88.25,77.11,100,100,9.22
304,Matay,EG,2022-07-20 13:30:36,28.419,30.7792,100.99,15,0,13.42
305,Fairbanks,US,2022-07-20 13:27:17,64.8378,-147.7164,50.31,93,75,1.01
306,Istok,XK,2022-07-20 13:30:37,42.7808,20.4875,89.58,21,1,6.06
307,Saint Anthony,US,2022-07-20 13:30:37,45.0205,-93.218,73.53,74,100,18.41
308,Pierre,US,2022-07-20 13:30:38,44.3683,-100.351,72.05,69,0,12.66
309,Manzanillo,CU,2022-07-20 13:30:38,20.3433,-77.1167,81.73,73,94,6.73
310,Chokurdakh,RU,2022-07-20 13:30:39,70.6333,147.9167,39.27,79,60,8.97
311,Muskegon,US,2022-07-20 13:28:37,43.3,-86.1334,79.3,80,40,20.71
312,Richards Bay,ZA,2022-07-20 13:30:39,-28.783,32.0377,70.79,72,55,13.31
313,Bilibino,RU,2022-07-20 13:30:40,68.0546,166.4372,38.37,90,84,6.33
314,Krasnoselkup,RU,2022-07-20 13:30:40,65.7,82.4667,56.19,68,100,1.99
315,Najran,SA,2022-07-20 13:30:41,17.4924,44.1277,97.45,21,100,10.78
316,Jiayuguan,CN,2022-07-20 13:30:41,39.8167,98.3,71.31,40,100,23.42
317,Esna,EG,2022-07-20 13:30:42,25.2934,32.554,104.02,10,1,16.28
318,Ossora,RU,2022-07-20 13:30:42,59.2353,163.0719,57.24,81,99,2.35
319,Cayenne,GF,2022-07-20 13:30:06,4.9333,-52.3333,82.44,83,75,4.61
320,Port Lincoln,AU,2022-07-20 13:30:32,-34.7333,135.8667,50.79,71,6,13.62
321,Cidreira,BR,2022-07-20 13:30:43,-30.1811,-50.2056,63.14,79,0,12.44
322,Nadym,RU,2022-07-20 13:30:43,65.5333,72.5167,65.82,45,13,18.77
323,Port Blair,IN,2022-07-20 13:31:44,11.6667,92.75,78.84,89,100,3.44
324,Sao Jose Da Coroa Grande,BR,2022-07-20 13:31:44,-8.8978,-35.1478,78.42,76,43,9.8
325,Imeni Poliny Osipenko,RU,2022-07-20 13:31:45,52.4201,136.4853,57.65,94,100,9.15
326,Ayan,RU,2022-07-20 13:31:45,56.45,138.1667,57.15,97,100,3.09
327,Piombino,IT,2022-07-20 13:31:45,42.9348,10.5221,93.22,70,0,7.63
328,Kamenka,RU,2022-07-20 13:31:46,51.3223,42.7678,72.61,47,70,13.11
329,Codrington,AU,2022-07-20 13:31:46,-38.2667,141.9667,40.35,88,0,7.67
330,Grindavik,IS,2022-07-20 13:31:47,63.8424,-22.4338,57.15,71,20,13.8
331,Yuzhou,CN,2022-07-20 13:31:47,34.1628,113.4639,74.19,82,31,3.22
332,Hyeres,FR,2022-07-20 13:31:48,43.1167,6.1167,102.49,52,0,8.05
333,Sulphur,US,2022-07-20 13:31:48,30.2366,-93.3774,87.78,81,0,4.61
334,Naze,JP,2022-07-20 13:31:49,28.3667,129.4833,81.52,87,97,13.29
335,Plainview,US,2022-07-20 13:31:50,40.7765,-73.4673,90.07,60,0,5.75
336,Tarbagatay,RU,2022-07-20 13:31:50,51.4803,107.3602,63.93,78,2,3.04
337,Vao,NC,2022-07-20 13:31:50,-22.6667,167.4833,73.94,89,100,8.46
338,Isangel,VU,2022-07-20 13:31:51,-19.55,169.2667,76.05,91,100,7.09
339,Oktyabrskiy,RU,2022-07-20 13:31:51,54.4815,53.471,67.59,66,46,9.8
340,Vestmannaeyjar,IS,2022-07-20 13:31:52,63.4427,-20.2734,58.19,77,0,13.8
341,Mandalgovi,MN,2022-07-20 13:31:52,45.7625,106.2708,68.04,52,100,21.52
342,Calama,CL,2022-07-20 13:31:52,-22.4667,-68.9333,55.89,18,0,14.97
343,Skibbereen,IE,2022-07-20 13:31:53,51.55,-9.2667,62.11,61,100,8.46
344,Pangai,TO,2022-07-20 13:31:53,-19.8,-174.35,75.92,79,13,22.3
345,Seoul,KR,2022-07-20 13:31:54,37.5683,126.9778,78.4,83,100,5.75
346,Shibetsu,JP,2022-07-20 13:31:54,43.659,145.132,57.0,91,100,8.12
347,Turan,VN,2022-07-20 13:28:25,16.0678,108.2208,84.18,79,40,8.05
348,Khani,GE,2022-07-20 13:31:55,41.9563,42.9566,62.17,90,98,4.32
349,Casambalangan,PH,2022-07-20 13:31:55,18.3765,122.1274,82.63,85,6,8.1
350,Quatre Cocos,MU,2022-07-20 13:31:56,-20.2078,57.7625,71.71,61,78,23.2
351,Hannibal,US,2022-07-20 13:31:56,39.7084,-91.3585,82.71,63,0,9.28
352,Los Llanos De Aridane,ES,2022-07-20 13:31:57,28.6585,-17.9182,74.95,69,20,16.11
353,Luanda,AO,2022-07-20 13:28:13,-8.8368,13.2343,73.45,73,1,14.47
354,Te Anau,NZ,2022-07-20 13:31:57,-45.4167,167.7167,39.94,96,93,3.96
355,Hambantota,LK,2022-07-20 13:30:36,6.1241,81.1185,82.74,83,20,11.5
356,North Platte,US,2022-07-20 13:31:58,41.1239,-100.7654,73.38,50,0,5.75
357,Miraflores,MX,2022-07-20 13:31:59,19.2167,-98.8083,63.03,65,75,1.81
358,Bambous Virieux,MU,2022-07-20 13:31:59,-20.3428,57.7575,71.85,64,40,16.11
359,Ostrovnoy,RU,2022-07-20 13:31:59,68.0531,39.5131,53.94,81,9,9.33
360,Union,US,2022-07-20 13:32:00,40.6334,-74.2663,90.09,61,0,5.75
361,Budelsdorf,DE,2022-07-20 13:32:00,54.3167,9.6833,100.09,27,20,11.5
362,Chervishevo,RU,2022-07-20 13:32:01,56.9464,65.4278,75.56,87,1,9.19
363,Zhigansk,RU,2022-07-20 13:32:01,66.7697,123.3711,53.58,61,97,14.63
364,Dicabisagan,PH,2022-07-20 13:32:01,17.0818,122.4157,81.05,86,51,0.29
365,Pauini,BR,2022-07-20 13:32:02,-7.7136,-66.9764,84.31,42,5,4.12
366,Svetlyy,RU,2022-07-20 13:32:02,54.675,20.1347,75.25,52,28,4.9
367,Guerrero Negro,MX,2022-07-20 13:29:41,27.9769,-114.0611,69.46,75,100,5.28
368,Lazaro Cardenas,MX,2022-07-20 13:33:03,17.9583,-102.2,80.38,84,98,2.64
369,La Rochelle,FR,2022-07-20 13:32:48,46.1667,-1.15,73.47,68,75,17.27
370,Biltine,TD,2022-07-20 13:33:04,14.5333,20.9167,90.81,41,35,9.04
371,Praia Da Vitoria,PT,2022-07-20 13:33:05,38.7333,-27.0667,75.76,83,40,1.52
372,Olafsvik,IS,2022-07-20 13:33:05,64.8945,-23.7142,52.12,77,10,6.55
373,Trincomalee,LK,2022-07-20 13:33:06,8.5711,81.2335,83.53,74,56,3.96
374,Yar-Sale,RU,2022-07-20 13:33:06,66.8333,70.8333,65.53,43,20,13.58
375,Palmer,US,2022-07-20 13:32:56,42.1584,-72.3287,86.25,65,1,1.99
376,Camopi,GF,2022-07-20 13:33:07,3.1655,-52.3158,85.55,56,25,3.94
377,Gold Coast,AU,2022-07-20 13:33:07,-28.0,153.4333,59.0,90,40,9.22
378,Awbari,LY,2022-07-20 13:33:08,26.5921,12.7805,96.46,16,7,10.78
379,Bereda,ES,2022-07-20 13:33:08,43.2686,-7.5406,77.14,65,0,7.36
380,Worland,US,2022-07-20 13:31:34,44.0169,-107.9554,67.35,17,0,1.59
381,Honningsvag,NO,2022-07-20 13:33:09,70.9821,25.9704,53.35,87,100,3.44
382,Benguela,AO,2022-07-20 13:31:25,-12.5763,13.4055,72.32,72,60,6.87
383,Klyuchi,RU,2022-07-20 13:33:10,52.2667,79.1667,70.92,50,100,4.79
384,Krynychky,UA,2022-07-20 13:33:10,48.3755,34.467,81.73,31,43,11.32
385,Bathsheba,BB,2022-07-20 13:33:11,13.2167,-59.5167,84.81,89,75,16.11
386,Quelimane,MZ,2022-07-20 13:33:11,-17.8786,36.8883,76.95,78,75,10.36
387,Nyzhni Sirohozy,UA,2022-07-20 13:33:12,46.8484,34.3804,87.12,24,15,10.51
388,Nioro,GM,2022-07-20 13:33:13,13.35,-15.75,89.69,56,92,5.32
389,Seymchan,RU,2022-07-20 13:33:13,62.8833,152.4333,51.67,78,100,9.51
390,Umarkot,PK,2022-07-20 13:33:13,25.3616,69.7362,92.19,59,100,21.16
391,Pangoa,PE,2022-07-20 13:33:14,-12.1167,-73.0,71.98,86,94,1.34
392,Kununurra,AU,2022-07-20 13:33:14,-15.7667,128.7333,64.38,72,17,3.44
393,Shelburne,CA,2022-07-20 13:33:15,44.0787,-80.2041,74.3,71,98,14.18
394,Hovd,MN,2022-07-20 13:33:15,48.0056,91.6419,55.09,61,100,11.25
395,Pontianak,ID,2022-07-20 13:32:07,-0.0333,109.3333,80.58,88,20,3.44
396,Gustavo Diaz Ordaz,MX,2022-07-20 13:33:16,26.2333,-98.5833,84.04,82,0,5.01
397,Zima,RU,2022-07-20 13:33:17,53.9202,102.0442,57.52,76,5,2.26
398,Miyako,JP,2022-07-20 13:33:17,39.6367,141.9525,67.06,95,18,3.71
399,Sola,VU,2022-07-20 13:33:18,-13.8833,167.55,80.67,81,100,18.68
400,Tromso,NO,2022-07-20 13:33:18,69.6496,18.957,62.62,63,20,13.8
401,Hermon,US,2022-07-20 13:30:41,44.8101,-68.9134,78.31,56,20,6.91
402,Shubarshi,KZ,2022-07-20 13:33:19,48.5872,57.1869,82.53,25,97,8.3
403,Sampit,ID,2022-07-20 13:33:20,-2.5333,112.95,74.55,97,21,3.13
404,Menomonie,US,2022-07-20 13:33:20,44.8755,-91.9193,73.27,77,100,17.83
405,Eureka,US,2022-07-20 13:33:21,40.8021,-124.1637,54.93,82,68,2.21
406,Tiznit,MA,2022-07-20 13:33:22,29.5833,-9.5,103.64,14,45,6.91
407,Santa Fe,AR,2022-07-20 13:32:29,-31.6333,-60.7,59.92,77,14,1.99
408,Ambunti,PG,2022-07-20 13:33:22,-4.2365,142.8448,73.4,100,100,1.63
409,Kashi,CN,2022-07-20 13:33:23,39.4547,75.9797,90.61,10,0,4.47
410,Torbay,CA,2022-07-20 13:33:23,47.6666,-52.7314,70.57,81,75,27.63
411,Sao Felix Do Xingu,BR,2022-07-20 13:33:24,-6.6447,-51.995,89.74,30,2,5.12
412,Buala,SB,2022-07-20 13:33:24,-8.145,159.5921,79.03,78,71,5.53
413,Mlonggo,ID,2022-07-20 13:33:25,-6.5333,110.7,78.67,81,12,8.08
414,Vila Franca Do Campo,PT,2022-07-20 13:34:25,37.7167,-25.4333,72.01,69,43,4.05
415,Yeppoon,AU,2022-07-20 13:34:26,-23.1333,150.7333,62.38,81,100,16.64
416,Bafq,IR,2022-07-20 13:34:26,31.6128,55.4107,101.39,7,0,18.48
417,Bakel,SN,2022-07-20 13:34:27,14.905,-12.4568,82.9,64,100,6.71
418,Barinas,VE,2022-07-20 13:34:27,8.6226,-70.2075,64.44,100,73,2.3
419,Merritt Island,US,2022-07-20 13:31:35,28.5392,-80.672,85.03,81,0,5.75
420,Santo Tomas,PH,2022-07-20 13:34:28,14.1079,121.1414,83.55,91,86,3.6
421,Great Bend,US,2022-07-20 13:30:51,38.3645,-98.7648,74.03,72,0,4.61
422,Sorland,NO,2022-07-20 13:34:29,67.667,12.6934,57.06,94,75,8.05
423,Nizwa,OM,2022-07-20 13:34:29,22.9333,57.5333,94.93,48,95,5.21
424,Panjab,AF,2022-07-20 13:34:30,34.388,67.0233,76.57,13,0,13.02
425,Svetlaya,RU,2022-07-20 13:34:30,46.5389,138.3297,58.84,94,84,7.94
426,Townsville,AU,2022-07-20 13:34:30,-19.25,146.8,67.08,77,100,10.36
427,Kokoda,PG,2022-07-20 13:34:31,-8.8785,147.7407,73.89,94,95,0.47
428,Sooke,CA,2022-07-20 13:30:32,48.3746,-123.7276,61.52,94,64,19.57
429,Porto Seguro,BR,2022-07-20 13:31:34,-16.4497,-39.0647,73.92,88,75,3.44
430,Minuri,PH,2022-07-20 13:34:32,16.535,121.8574,76.6,91,100,3.36
431,Leirvik,NO,2022-07-20 13:34:32,59.7798,5.5005,68.63,77,0,4.61
432,Acapulco,MX,2022-07-20 13:34:33,16.8634,-99.8901,80.42,74,20,6.91
433,Houma,US,2022-07-20 13:34:33,29.5958,-90.7195,86.02,83,0,4.0
434,Colac,AU,2022-07-20 13:34:33,-38.3333,143.5833,44.08,94,0,3.56
435,Batagay-Alyta,RU,2022-07-20 13:34:34,67.8006,130.4114,37.65,89,100,1.72
436,Trinidad,BO,2022-07-20 13:34:34,-14.8333,-64.9,73.38,88,13,3.44
437,Nome,US,2022-07-20 13:34:35,64.5011,-165.4064,44.67,87,100,13.8
438,Anderson,US,2022-07-20 13:30:07,34.5334,-82.6499,78.55,87,100,8.05
439,Marion,US,2022-07-20 13:34:35,39.7684,-86.1555,81.48,86,20,10.36
440,Jiutai,CN,2022-07-20 13:34:36,44.1525,125.8328,73.74,90,100,2.89
441,Povenets,RU,2022-07-20 13:34:36,62.8487,34.8262,73.18,57,0,14.76
442,Walvis Bay,NA,2022-07-20 13:34:37,-22.9575,14.5053,67.15,55,0,8.05
443,Peterhead,GB,2022-07-20 13:34:37,57.5058,-1.7981,66.6,88,98,4.45
444,Ewa Beach,US,2022-07-20 13:34:38,21.3156,-158.0072,76.95,74,0,10.36
445,Mapiripan,CO,2022-07-20 13:34:38,2.8892,-72.1256,71.64,98,100,4.43
446,Kahului,US,2022-07-20 13:31:08,20.8947,-156.47,73.42,73,0,13.8
447,Atagay,RU,2022-07-20 13:34:39,55.1033,99.3875,59.54,71,98,1.92
448,Hajan,IN,2022-07-20 13:34:39,34.3,74.6167,70.92,88,100,3.33
449,Kerouane,GN,2022-07-20 13:34:40,9.2667,-9.0167,70.0,95,100,3.24
450,Mikuni,JP,2022-07-20 13:34:40,36.2171,136.1519,76.91,85,81,2.33
451,Sobolevo,RU,2022-07-20 13:34:40,54.4299,31.8996,63.46,67,18,18.54
452,Kharp,RU,2022-07-20 13:34:41,66.8014,65.8081,64.44,61,97,8.25
453,Ahipara,NZ,2022-07-20 13:34:41,-35.1667,173.1667,53.89,67,26,14.85
454,Chapais,CA,2022-07-20 13:34:42,49.7834,-74.8492,58.78,50,100,3.31
455,Killybegs,IE,2022-07-20 13:34:42,54.6333,-8.45,60.51,69,100,13.06
456,Puerto Colombia,CO,2022-07-20 13:34:43,10.9878,-74.9547,82.49,76,98,13.91
457,Kaniama,CD,2022-07-20 13:34:43,-7.5667,24.1833,88.7,23,95,2.95
458,Sur,OM,2022-07-20 13:34:43,22.5667,59.5289,90.09,64,82,11.23
459,Urucara,BR,2022-07-20 13:34:44,-2.5364,-57.76,81.25,85,47,2.75
460,Amapa,BR,2022-07-20 13:35:44,1.0,-52.0,80.55,82,68,2.95
461,Porto Santo,PT,2022-07-20 13:35:45,33.072,-16.3415,75.58,69,40,12.66
462,Chernyshevskiy,RU,2022-07-20 13:35:45,63.0128,112.4714,50.31,91,100,5.1
463,Haines Junction,CA,2022-07-20 13:35:46,60.7522,-137.5108,48.15,76,100,2.3
464,Chabahar,IR,2022-07-20 13:35:46,25.2919,60.643,84.27,82,97,11.99
465,Hami,CN,2022-07-20 13:35:47,42.8,93.45,67.73,59,100,14.0
466,Kanigoro,ID,2022-07-20 13:35:47,-8.13,112.219,72.12,88,95,5.14
467,Vilyuysk,RU,2022-07-20 13:35:47,63.7553,121.6247,59.02,89,100,7.45
468,Ternate,ID,2022-07-20 13:33:23,0.8,127.4,81.54,77,100,3.24
469,Rawson,AR,2022-07-20 13:35:48,-43.3002,-65.1023,53.51,59,99,16.35
470,Blackpool,GB,2022-07-20 13:35:48,53.8167,-3.05,75.65,68,75,17.27
471,Jalingo,NG,2022-07-20 13:35:49,8.8833,11.3667,74.41,91,100,2.35
472,College,US,2022-07-20 13:33:54,64.8569,-147.8028,50.29,93,75,0.0
473,Cedar Mill,US,2022-07-20 13:35:50,45.5248,-122.8109,64.04,83,0,1.01
474,Rocha,UY,2022-07-20 13:33:26,-34.4833,-54.3333,54.79,73,2,11.83
475,Pandharpur,IN,2022-07-20 13:35:50,17.6667,75.3333,83.19,63,98,12.5
476,Manaure,CO,2022-07-20 13:35:51,11.7751,-72.4445,85.5,61,21,21.65
477,Chicama,PE,2022-07-20 13:35:51,-7.8447,-79.1469,59.54,75,44,5.01
478,Tchollire,CM,2022-07-20 13:35:52,8.4022,14.1698,74.26,88,100,3.74
479,Jumla,NP,2022-07-20 13:35:52,29.2747,82.1838,65.17,95,99,0.65
480,Kathu,TH,2022-07-20 13:35:53,7.9178,98.3332,85.69,99,100,15.21
481,Pangnirtung,CA,2022-07-20 13:35:53,66.1451,-65.7125,46.4,87,100,3.44
482,Mutoko,ZW,2022-07-20 13:35:54,-17.397,32.2268,65.77,46,100,7.61
483,Montepuez,MZ,2022-07-20 13:35:54,-13.1256,38.9997,73.2,53,100,7.7
484,Baykit,RU,2022-07-20 13:35:54,61.67,96.37,59.04,84,90,2.28
485,Aguimes,ES,2022-07-20 13:35:55,27.9054,-15.4461,79.66,65,0,33.38
486,Matara,LK,2022-07-20 13:35:55,5.9485,80.5353,78.33,88,100,14.25
487,Den Helder,NL,2022-07-20 13:35:56,52.9599,4.7593,77.02,63,100,25.01
488,Mabay,PH,2022-07-20 13:35:56,6.0577,124.4666,78.71,87,37,4.68
489,Tucumcari,US,2022-07-20 13:35:57,35.1717,-103.725,78.94,47,0,8.05
490,Golyshmanovo,RU,2022-07-20 13:35:57,56.3979,68.3728,67.96,89,100,4.05
491,Arlit,NE,2022-07-20 13:35:57,18.7369,7.3853,96.3,26,76,4.52
492,Kirakira,SB,2022-07-20 13:35:58,-10.4544,161.9205,79.16,84,31,6.96
493,Lae,PG,2022-07-20 13:35:58,-6.7221,146.9847,77.04,81,100,1.92
494,Poum,NC,2022-07-20 13:35:59,-20.2333,164.0167,75.29,89,100,15.35
495,Mbandaka,CD,2022-07-20 13:35:59,0.0487,18.2603,80.91,64,97,0.69
496,Helena,US,2022-07-20 13:32:35,46.5927,-112.0361,61.36,45,0,1.01
497,Minab,IR,2022-07-20 13:36:00,27.1467,57.0801,98.92,49,20,11.5
498,Pandamatenga,BW,2022-07-20 13:36:00,-18.5278,25.627,70.47,40,64,4.43
499,Zvishavane,ZW,2022-07-20 13:36:01,-20.3267,30.0665,73.81,29,61,6.38
500,Rajbiraj,NP,2022-07-20 13:36:01,26.5333,86.75,80.01,87,100,4.94
501,Presidencia Roque Saenz Pena,AR,2022-07-20 13:36:02,-26.7852,-60.4388,71.62,67,7,7.36
502,Sitka,US,2022-07-20 13:36:02,57.0531,-135.33,53.49,82,100,0.0
503,Eluru,IN,2022-07-20 13:36:02,16.7,81.1,84.29,67,95,1.81
504,Luziania,BR,2022-07-20 13:36:03,-16.2525,-47.9503,73.98,37,5,11.12
505,Barra Patuca,HN,2022-07-20 13:36:03,15.8,-84.2833,81.25,81,100,9.01
506,Samana,DO,2022-07-20 13:36:04,19.2056,-69.3369,80.82,89,40,0.0
507,Gamba,GA,2022-07-20 13:37:04,-2.65,10.0,75.67,76,71,8.21
508,Shellbrook,CA,2022-07-20 13:37:05,53.2168,-106.4011,60.03,69,0,14.9
509,Ugoofaaru,MV,2022-07-20 13:37:05,5.6667,73.0,81.14,78,100,14.58
510,Rio Grande,BR,2022-07-20 13:35:54,-32.035,-52.0986,57.31,84,0,13.58
511,Segovia,ES,2022-07-20 13:37:06,41.1667,-4.0,91.44,14,0,8.66
512,Sasebo,JP,2022-07-20 13:37:06,33.1592,129.7228,82.04,95,100,3.58
513,Siavonga,ZM,2022-07-20 13:37:07,-16.5382,28.7088,77.07,48,35,6.53
514,Boyolangu,ID,2022-07-20 13:37:07,-8.1181,111.8935,73.8,84,73,5.48
515,Natal,BR,2022-07-20 13:32:36,-5.795,-35.2094,84.42,58,40,21.85
516,Ust-Maya,RU,2022-07-20 13:37:08,60.4167,134.5333,68.83,76,70,4.25
517,Bismil,TR,2022-07-20 13:37:08,37.8486,40.6658,107.33,7,0,15.82
518,Omaruru,NA,2022-07-20 13:37:09,-21.4333,15.9333,74.8,15,0,2.93
519,Virginia Beach,US,2022-07-20 13:35:25,36.8529,-75.978,86.04,73,20,5.75
520,Skalat,UA,2022-07-20 13:37:09,49.4273,25.9787,80.2,41,3,18.03
521,Muisne,EC,2022-07-20 13:37:10,0.6,-80.0333,73.11,86,100,10.36
522,Riyadh,SA,2022-07-20 13:37:10,24.6877,46.7219,111.34,7,74,15.97
523,Jalu,LY,2022-07-20 13:37:11,29.0331,21.5482,95.05,13,0,14.65
524,Khorramshahr,IR,2022-07-20 13:37:11,30.4397,48.1664,121.96,5,0,9.22
525,San Carlos De Bariloche,AR,2022-07-20 13:37:12,-41.1456,-71.3082,43.25,87,100,13.49
526,Werda,BW,2022-07-20 13:37:12,-25.2667,23.2833,72.14,23,38,4.29
527,Westport,US,2022-07-20 13:36:05,41.1415,-73.3579,90.36,70,31,1.99
528,Cap Malheureux,MU,2022-07-20 13:37:13,-19.9842,57.6142,71.47,58,86,8.01
529,Kieta,PG,2022-07-20 13:37:14,-6.2167,155.6333,78.4,83,100,5.06
530,Veraval,IN,2022-07-20 13:37:14,20.9,70.3667,81.14,86,78,15.48
531,Inhambane,MZ,2022-07-20 13:37:15,-23.865,35.3833,76.98,73,20,6.91
532,Katastarion,GR,2022-07-20 13:37:15,37.8333,20.7667,89.55,33,0,11.5
533,Birao,CF,2022-07-20 13:37:15,10.2849,22.7882,83.71,58,52,4.41
534,Beringovskiy,RU,2022-07-20 13:37:16,63.05,179.3167,47.35,75,95,19.26
535,Coquimbo,CL,2022-07-20 13:37:16,-29.9533,-71.3436,49.73,100,100,4.61
536,Mitchelstown,IE,2022-07-20 13:37:17,52.2658,-8.2681,66.54,60,100,12.15
537,Kavieng,PG,2022-07-20 13:37:17,-2.5744,150.7967,81.72,78,100,11.12
538,Murud,IN,2022-07-20 13:37:18,18.3258,72.965,79.75,86,84,7.81
539,Tessalit,ML,2022-07-20 13:36:35,20.1986,1.0114,97.3,28,36,7.72
540,Dhemaji,IN,2022-07-20 13:37:19,27.4833,94.5833,79.45,92,100,2.51
541,Kearney,US,2022-07-20 13:37:19,40.6995,-99.0815,71.56,64,0,6.91
542,Menongue,AO,2022-07-20 13:37:19,-14.6585,17.691,80.96,17,7,3.74
543,Santa Cruz De La Palma,ES,2022-07-20 13:37:20,28.6835,-17.7642,78.94,69,20,16.11
544,Tsaratanana,MG,2022-07-20 13:37:21,-16.7833,47.65,70.75,63,35,13.22
545,Opuwo,NA,2022-07-20 13:37:21,-18.0607,13.84,77.94,16,0,5.32
546,Grootfontein,NA,2022-07-20 13:37:22,-19.5667,18.1167,71.17,23,0,4.61
547,Kattivakkam,IN,2022-07-20 13:37:22,13.2167,80.3167,84.07,73,100,9.42
548,Sokur,RU,2022-07-20 13:37:23,55.2093,83.319,66.56,75,100,5.99
549,Andros Town,BS,2022-07-20 13:37:23,24.7,-77.7667,85.96,69,21,14.23
550,Vysokogornyy,RU,2022-07-20 13:37:24,50.1167,139.15,58.66,98,100,3.31
551,Alta Floresta,BR,2022-07-20 13:37:24,-9.8756,-56.0861,85.82,42,0,9.22
552,Rovenki,UA,2022-07-20 13:37:25,48.0833,39.3776,81.27,27,52,10.94
553,Graaff-Reinet,ZA,2022-07-20 13:38:25,-32.2522,24.5308,51.93,85,68,12.08
554,Laguna,US,2022-07-20 13:38:25,38.421,-121.4238,73.63,66,0,5.75
555,Chalmette,US,2022-07-20 13:38:26,29.9427,-89.9634,88.0,72,0,7.0
556,Uige,AO,2022-07-20 13:38:26,-7.6087,15.0613,89.51,25,52,7.81
557,Swan Hill,AU,2022-07-20 13:38:27,-35.3378,143.5544,43.86,72,87,9.89
558,Portland,US,2022-07-20 13:34:00,45.5234,-122.6762,64.81,85,0,1.99
559,Kalmar,SE,2022-07-20 13:38:27,56.6616,16.3616,76.96,65,8,4.0
560,Acari,PE,2022-07-20 13:38:28,-15.4311,-74.6158,67.64,64,43,3.33
561,Iquique,CL,2022-07-20 13:38:28,-20.2208,-70.1431,57.24,67,100,5.19
562,Awjilah,LY,2022-07-20 13:38:29,29.1081,21.2869,94.66,13,0,15.82
563,Kabare,CD,2022-07-20 13:38:29,-2.4683,28.8242,76.8,41,79,4.72
